id,name,gender,all_time_final_score
2231,Samuel L. Jackson,2,457.3431167
31,Tom Hanks,2,392.2690386
18277,Stellan Skarsgård,1,390.5348017
85,Johnny Depp,2,390.5018982
380,Robert De Niro,2,387.9057361
3895,Michael Caine,2,374.4041514
6384,Keanu Reeves,2,367.5102368
62,Bruce Willis,2,365.4230824
3223,Robert Downey Jr.,2,349.8669678
65717,Jon Hamm,2,346.2606963
192,Morgan Freeman,2,339.4367479
287,Brad Pitt,2,327.7081315
10990,Emma Watson,1,321.4423842
8691,Zoe Saldana,1,317.7054808
2232,Michael Keaton,2,312.8876299
57755,Woody Harrelson,2,312.2772156
3,Harrison Ford,2,297.6883435
118,Geoffrey Rush,2,296.0345224
3894,Christian Bale,2,289.0246612
64,Gary Oldman,2,286.8029562
3896,Liam Neeson,2,283.1876765
1245,Scarlett Johansson,1,283.0527941
3061,Ewan McGregor,2,281.1123102
10205,Sigourney Weaver,1,280.7026353
880,Ben Affleck,2,278.7561191
1892,Matt Damon,2,274.1200484
5293,Willem Dafoe,2,267.6248649
16828,Chris Evans,2,265.0166456
1979,Kevin Spacey,2,264.2391081
18897,Jackie Chan,2,260.9832526
8891,John Travolta,2,258.6168869
500,Tom Cruise,2,258.4844785
1158,Al Pacino,2,258.2571763
2963,Nicolas Cage,2,255.1443568
10859,Ryan Reynolds,2,249.9607917
73457,Chris Pratt,2,246.0075771
62064,Chris Pine,2,245.2307191
32,Robin Wright,1,242.6772488
1333,Andy Serkis,2,238.9205508
2157,Robin Williams,2,237.001461
16483,Sylvester Stallone,2,235.6587666
19,Allison Janney,1,234.7095923
1230,John Goodman,2,228.9424973
4495,Steve Carell,2,226.4630262
190,Clint Eastwood,2,224.2932101
2282,Ben Kingsley,2,221.4481023
11207,David Thewlis,2,220.9855428
12835,Vin Diesel,2,220.8091006
6193,Leonardo DiCaprio,2,217.5310731
1327,Ian McKellen,2,215.7158581
51329,Bradley Cooper,2,214.9718121
2283,Stanley Tucci,2,212.4888416
8945,Kevin Kline,2,212.2688433
4581,Steve Coogan,2,212.2010226
4483,Dustin Hoffman,2,210.6848356
13240,Mark Wahlberg,2,210.0337514
90633,Gal Gadot,1,209.5637294
55636,Donald Sutherland,2,208.7305154
1231,Julianne Moore,1,206.7933585
5292,Denzel Washington,2,205.8405299
514,Jack Nicholson,2,205.4927248
51990,T.J. Miller,2,204.6155025
134,Jamie Foxx,2,202.8538054
4173,Anthony Hopkins,2,201.68284
1037,Harvey Keitel,2,199.9444531
1229,Jeff Bridges,2,199.4865855
6856,Kurt Russell,2,198.5206183
2461,Mel Gibson,2,196.7919333
4690,Christopher Walken,2,196.5345504
5469,Ralph Fiennes,2,195.1892996
193,Gene Hackman,2,195.1496425
103,Mark Ruffalo,2,193.4991852
65731,Sam Worthington,2,191.9019273
738,Sean Connery,2,191.6268513
72129,Jennifer Lawrence,1,191.4914411
5064,Meryl Streep,1,191.3257384
10980,Daniel Radcliffe,2,190.4819618
3087,Robert Duvall,2,190.0850648
17051,James Franco,2,189.6935581
2227,Nicole Kidman,1,188.8126112
3036,John Cusack,2,186.9739014
17604,Jeremy Renner,2,186.7133434
5723,John Leguizamo,2,185.6753894
1269,Kevin Costner,2,184.8211766
2975,Laurence Fishburne,2,184.2599411
884,Steve Buscemi,2,183.8095425
18999,J.K. Simmons,2,182.079978
1233,Philip Seymour Hoffman,2,181.8719415
569,Ethan Hawke,2,177.6881793
116,Keira Knightley,1,177.1299503
1283,Helena Bonham Carter,1,176.4801541
7447,Alec Baldwin,2,176.2908723
112,Cate Blanchett,1,176.0636639
1159982,Ansel Elgort,2,175.8042905
3131,Antonio Banderas,2,175.6518961
7056,Emma Thompson,1,175.4204128
66580,Scott Adsit,2,174.7449237
17288,Michael Fassbender,2,174.4389336
819,Edward Norton,2,174.2546095
139,Uma Thurman,1,173.7098513
109,Elijah Wood,2,173.6355127
10182,Ving Rhames,2,172.9767033
4038,Susan Sarandon,1,172.5854888
1532,Bill Murray,2,171.3237936
6413,Danny Huston,2,171.1758392
1100,Arnold Schwarzenegger,2,170.9108734
5049,John Hurt,2,170.862567
1461,George Clooney,2,170.455759
4135,Robert Redford,2,169.7176035
114,Orlando Bloom,2,169.5098892
7399,Ben Stiller,2,169.0418763
6968,Hugh Jackman,2,168.9951715
10297,Matthew McConaughey,2,168.8183207
131,Jake Gyllenhaal,2,168.5848812
4165,John Wayne,2,168.0498523
228,Ed Harris,2,167.4435658
72466,Colin Farrell,2,165.5453291
1243,Woody Allen,2,165.5103959
2039,Brendan Gleeson,2,165.2531881
221018,Dan Stevens,2,164.6752898
3489,Naomi Watts,1,164.6150676
1640,Stellan Skarsgård,2,162.9372243
1248,Brian Cox,2,162.866097
2176,Tommy Lee Jones,2,161.7619099
113,Christopher Lee,2,160.8488365
2888,Will Smith,2,160.2473466
524,Natalie Portman,1,160.2192394
9642,Jude Law,2,159.8586398
1204,Julia Roberts,1,159.6869906
976,Jason Statham,2,158.9936814
854,James Stewart,2,157.7873803
6065,Dennis Quaid,2,157.5562572
2178,Forest Whitaker,2,157.2967474
1896,Don Cheadle,2,156.7852707
6949,John Malkovich,2,155.3049015
6885,Charlize Theron,1,155.2347279
2228,Sean Penn,2,154.397705
2505,James Cromwell,2,154.2612346
114019,Luke Evans,2,153.6554385
27972,Josh Hutcherson,2,152.2359756
3392,Michael Douglas,2,151.697645
934,Russell Crowe,2,151.6586227
10882,Rosamund Pike,1,151.2791185
227,William Hurt,2,151.0203739
206,Jim Carrey,2,150.6491349
290,Christopher Plummer,2,150.6384068
204,Kate Winslet,1,150.6244842
13242,Paul Giamatti,2,150.496518
6383,Aaron Eckhart,2,148.9743462
15735,Helen Mirren,1,148.913075
74568,Chris Hemsworth,2,148.1897268
15831,Frank Welker,2,148.1462388
37917,Kristen Stewart,1,147.6848867
5576,Val Kilmer,2,147.6155689
4566,Alan Rickman,2,147.5951031
887,Owen Wilson,2,147.5468908
4724,Kevin Bacon,2,147.503849
11701,Angelina Jolie,1,147.3269308
3636,Paul Newman,2,146.6140958
12052,Gwyneth Paltrow,1,144.8633022
935,Connie Nielsen,1,144.8564961
16940,Jeremy Irons,2,144.6303989
3084,Marlon Brando,2,144.5918375
6283,Michael Nyqvist,2,144.0576544
504,Tim Robbins,2,143.9752034
24045,Joseph Gordon-Levitt,2,143.7162736
6941,Cameron Diaz,1,143.4809352
1771,Giovanni Ribisi,2,143.473158
517,Pierce Brosnan,2,142.8976632
529,Guy Pearce,2,142.891793
205,Kirsten Dunst,1,142.4003525
585,Rutger Hauer,2,141.2218661
19292,Adam Sandler,2,141.031803
21088,Alan Tudyk,2,140.8641585
16927,Gérard Depardieu,2,140.7003635
515,Glenn Close,1,140.596263
9281,Elizabeth Banks,1,140.2490593
518,Danny DeVito,2,140.1895959
776,Eddie Murphy,2,140.0457738
2524,Tom Hardy,2,140.0081737
3129,Tim Roth,2,139.4628473
1016168,Lily James,1,139.3610224
12094,Jennifer Saunders,1,138.9806227
4764,John C. Reilly,2,138.8866118
2387,Patrick Stewart,2,138.6578517
18324,Steve Zahn,2,138.4463372
2053,Bill Paxton,2,138.1501962
2047,Danny Glover,2,138.0678096
110,Viggo Mortensen,2,137.0226968
207,Tom Wilkinson,2,136.3363678
12132,Michael Rooker,2,135.9099815
17605,Idris Elba,2,135.6957911
10989,Rupert Grint,2,135.6358751
22226,Paul Rudd,2,135.3033619
388,Jim Broadbent,2,135.0612754
5530,James McAvoy,2,134.8818743
5472,Colin Firth,2,134.5297212
1241,John Turturro,2,134.2364675
2440,Bill Nighy,2,134.0855725
70851,Jack Black,2,133.9704454
2372,Ron Perlman,2,133.9347174
1810,Heath Ledger,2,133.6245327
3293,Rachel Weisz,1,132.6899068
1813,Anne Hathaway,1,131.7489595
9273,Amy Adams,1,131.741439
3092,Diane Keaton,1,131.7361061
71580,Benedict Cumberbatch,2,131.6617139
2201,Max von Sydow,2,130.9427442
11108,Simon Pegg,2,130.8649924
18918,Dwayne Johnson,2,130.6301865
5658,Michael Gambon,2,130.3368681
53650,Anthony Mackie,2,129.927911
48,Sean Bean,2,129.7917487
41091,Kristen Wiig,1,129.6530297
6162,Paul Bettany,2,129.1077148
4512,James Woods,2,128.8266174
3085,James Caan,2,128.7070558
1062,Christopher Lloyd,2,128.1106317
19498,Jon Bernthal,2,127.7922096
10127,Jon Voight,2,127.5101638
4958,Henry Fonda,2,127.3124989
69597,Drew Barrymore,1,127.1276566
515510,Ryan Potter,2,127.0894897
543530,Dave Bautista,2,127.0422575
7624,Stan Lee,2,126.8691214
3063,Tilda Swinton,1,126.7249821
2983,Mark Strong,2,126.0897003
1920,Winona Ryder,1,125.784716
1160,Michelle Pfeiffer,1,125.7672812
6807,Sam Rockwell,2,125.6529556
8784,Daniel Craig,2,125.6371023
3905,William H. Macy,2,125.5214042
1205,Richard Gere,2,125.1968337
67773,Steve Martin,2,125.0565922
1003,Jean Reno,2,124.4805951
54415,Josh Gad,2,124.2478087
3810,Javier Bardem,2,124.1491853
1733,Nick Nolte,2,123.7861668
707,Dan Aykroyd,2,123.6614836
1331,Hugo Weaving,2,123.3381841
2037,Cillian Murphy,2,123.0801833
501,Dakota Fanning,1,122.9212844
3967,Kate Beckinsale,1,122.4564325
1925,Vincent Cassel,2,122.3965105
17276,Gerard Butler,2,122.366135
7132,Vincent D'Onofrio,2,121.9960803
8349,Martin Sheen,2,121.8886577
10978,Maggie Smith,1,121.5856326
5916,Rosario Dawson,1,121.3696814
23659,Will Ferrell,2,121.0859122
65,Ian Holm,2,120.6190552
53714,Rachel McAdams,1,120.5974495
4110,Humphrey Bogart,2,120.1045838
2296,Clive Owen,2,119.7528856
2,Mark Hamill,2,119.4123154
54882,Morena Baccarin,1,119.310667
1905,Vincent Price,2,118.9880577
4783,Sam Neill,2,118.6225113
21007,Jonah Hill,2,118.0294769
658,Alfred Molina,2,117.842161
6972,Ian McShane,2,116.9569721
368,Reese Witherspoon,1,116.5880837
1125,Ewen Bremner,2,116.363366
2295,Mickey Rourke,2,116.3098173
1038,Jodie Foster,1,116.2695877
2229,Catherine Keener,1,116.2439403
13784,Burt Lancaster,2,116.1333825
15152,James Earl Jones,0,116.0156477
8293,Marion Cotillard,1,115.6902107
521,Michael J. Fox,2,115.3685419
73421,Joaquin Phoenix,2,115.3549489
8447,Jeff Daniels,2,115.2971754
16851,Josh Brolin,2,115.2958024
1336,Jet Li,2,115.1312396
1121,Benicio del Toro,2,114.9703511
2130,Cary Elwes,2,114.9192982
83002,Jessica Chastain,1,114.6862994
41686,Neil Patrick Harris,2,114.6250924
8930,John Cleese,0,114.3249572
30614,Ryan Gosling,2,113.9669006
11477,Ray Liotta,2,113.4527142
17647,Michelle Rodriguez,1,113.1207244
35742,Shah Rukh Khan,2,112.9142649
44735,Jesse Eisenberg,2,112.8647842
1276,Patricia Clarkson,1,112.7496898
3051,Toni Collette,1,112.5608329
55638,Kevin Hart,2,112.3888782
32747,Stephen Lang,2,112.1216625
19274,Seth Rogen,2,111.7933249
9195,Hiroyuki Sanada,0,111.7784987
124747,Pierre Coffin,2,111.3801366
879,Billy Bob Thornton,2,110.9456299
1579,Maggie Gyllenhaal,1,110.8458684
2395,Whoopi Goldberg,1,110.3886762
1271,Andy García,2,110.0985344
2224,Christian Slater,2,110.07815
10017,Charlton Heston,2,110.0749702
10431,Jennifer Jason Leigh,1,109.6590722
2955,Chris Cooper,2,109.5608533
28633,Richard Jenkins,2,109.4599919
12074,John Lithgow,2,109.295553
3234,Joan Cusack,1,108.763875
20750,Judy Greer,1,108.4832914
82093,Daniel Henney,2,108.2658524
2638,Cary Grant,2,107.8875473
96066,Liam Hemsworth,2,107.7028389
8487,Gregory Peck,2,107.6892619
9191,Timothy Spall,2,107.5938125
5048,Harry Dean Stanton,2,107.483424
5657,Anjelica Huston,1,107.2602485
4491,Jennifer Aniston,1,107.2305315
1137,Juliette Binoche,1,107.0053112
589,Daryl Hannah,1,106.5299796
5309,Judi Dench,1,106.5129461
78324,Jamie Chung,1,106.2929039
996701,Miles Teller,2,106.1825235
20286,Toby Kebbell,2,105.7415114
10959,Shia LaBeouf,2,105.6555836
6161,Jennifer Connelly,1,105.4861066
2778,Dennis Hopper,2,104.8340762
52792,Maya Rudolph,1,104.8062816
7060,Martin Freeman,2,104.7757449
5294,Chiwetel Ejiofor,2,104.5109327
1903,Alan Arkin,2,104.3059042
6952,Charlie Sheen,2,104.2143304
17178,Patrick Wilson,2,104.0447144
350,Laura Linney,1,103.8210476
23532,Jason Bateman,2,103.7876825
3490,Adrien Brody,2,103.6758774
5081,Emily Blunt,1,103.4780193
3623,Elena Anaya,1,103.4441742
4756,Matthew Broderick,2,103.3623224
53,Peter Stormare,2,103.2042583
8534,Kathy Bates,1,103.1026881
19278,Bill Hader,2,102.6719894
1019,Mads Mikkelsen,2,102.6252481
588,M. Emmet Walsh,2,102.4379836
3037,Richard Dreyfuss,2,102.1642095
3141,Marisa Tomei,1,101.9779783
38673,Channing Tatum,2,101.9638049
3968,Michael Sheen,2,101.8776057
2882,Diane Lane,1,101.8503985
4785,Jeff Goldblum,2,101.6851987
21089,Bruce Greenwood,2,101.3392682
10814,Wesley Snipes,2,101.2556543
65827,Keith David,2,101.2389707
8289,Billy Crudup,2,100.6581787
335,Michael Shannon,2,100.0425286
13333,Vanessa Redgrave,1,99.58615402
8984,Bill Pullman,2,99.56394392
3872,Daniel Brühl,2,99.56159359
54693,Emma Stone,1,99.41935152
7036,Eric Stoltz,2,99.38382483
13014,Toby Jones,2,99.01615715
84223,Anna Kendrick,1,98.68667892
91606,Tom Hiddleston,2,98.64119923
3151,Jack Lemmon,2,98.59711009
1923,Robbie Coltrane,2,98.23920684
87722,Noomi Rapace,1,98.226807
955,Penélope Cruz,1,97.98023454
1047649,Ed Skrein,2,97.91253777
115150,Kaya Scodelario,1,97.81058329
18050,Elle Fanning,1,97.66032492
12898,Tim Allen,2,97.6099834
20212,Dermot Mulroney,2,97.41254595
15761,Grey Griffin,1,97.33525039
12077,Jim Cummings,2,96.94554035
11390,Peter O'Toole,2,96.86819081
2219,Tobey Maguire,2,96.26733435
543261,Karen Gillan,1,96.22777978
13922,Seth Green,2,96.20149405
2628,Kiefer Sutherland,2,95.85106663
237455,Sam Claflin,2,95.84197803
3136,Salma Hayek,1,95.56689908
18269,Brendan Fraser,2,95.48718102
8785,Ciarán Hinds,2,95.41641686
1639,Emily Watson,0,95.30613309
1328,Sean Astin,2,95.29397471
1893,Casey Affleck,2,95.24874475
2876,Matt Dillon,2,95.24452861
13022,Tom Berenger,2,95.2172751
72855,Felicity Jones,1,95.14646128
454,Michael Peña,2,94.96899939
10993,Tom Felton,2,94.6516092
938,Djimon Hounsou,2,94.64342674
6886,Christina Ricci,1,94.38312922
59450,Katy Mixon,1,94.36410733
5470,Kristin Scott Thomas,1,94.29139339
18354,Bridget Moynahan,1,94.17264362
2954,Jeffrey Wright,2,94.13432618
7499,Jared Leto,2,94.12642852
20089,Jena Malone,1,94.0350119
194,Richard Harris,2,93.96459902
12248,Alec Guinness,2,93.57073581
6944,Octavia Spencer,1,93.56172051
4960,Charles Bronson,2,93.52215273
3291,Hugh Grant,2,93.43620336
2090,Kirk Douglas,2,93.15809399
7450,Toshir Mifune,2,92.92970082
8783,Eric Bana,2,92.12333951
56890,Malcolm McDowell,2,92.08212241
35,Sally Field,1,92.07432613
3416,Demi Moore,1,91.63448348
530,Carrie-Anne Moss,1,91.59840988
2449,Kevin McNally,2,91.5940017
60898,Sebastian Stan,2,91.53285587
27105,Ed Helms,2,91.41784185
18686,Holly Hunter,1,91.14781579
3910,Frances McDormand,1,90.90127255
550843,Elizabeth Olsen,1,90.4887578
11181,Kenneth Branagh,2,90.46001653
6574,Clancy Brown,2,90.42700519
19492,Viola Davis,1,90.22503753
6450,Faye Dunaway,1,90.21210729
1665,Eddie Marsan,2,90.15383622
1216606,Gugu Mbatha-Raw,1,89.63152921
9778,Ice Cube,2,89.59567954
50,Catherine Deneuve,1,89.59528736
52,David Morse,2,89.5765765
2091,James Mason,2,89.47278301
15758,Queen Latifah,1,89.33462518
11064,David Strathairn,2,89.23271314
4391,Charles Dance,2,88.91869319
378,Jonathan Pryce,2,88.90549751
5,Peter Cushing,2,88.85573257
11355,Jason Isaacs,2,88.61176225
4937,Vince Vaughn,2,88.337238
23626,Liev Schreiber,2,88.30937125
1736,James Remar,2,88.02562385
56734,Chloë Grace Moretz,1,87.51510714
6837,Walter Matthau,2,87.48384116
9137,Renée Zellweger,1,86.99742365
12900,Wallace Shawn,2,86.93784855
78110,Scott Adkins,2,86.89127454
349,Scott Glenn,2,86.84794254
15111,Jean-Claude Van Damme,2,86.79316021
9221,Donald Pleasence,2,86.49946333
2632,Chris Rock,2,86.46201204
382,Bob Hoskins,2,86.40536721
882,Liv Tyler,1,86.30327294
71586,Alfie Allen,2,86.12177198
58225,Zach Galifianakis,2,85.98669305
80602,Tyler Perry,2,85.97042909
1370,Brad Dourif,2,85.93680739
2453,Mary Steenburgen,1,85.72778899
17141,Greg Kinnear,2,85.60287873
49,Maria Bello,1,85.51778414
73476,Michael Beattie,2,85.3272385
40462,Kristen Bell,1,85.27324455
11006,James Marsden,2,85.26135728
2714,Lance Henriksen,2,85.17243958
28782,Monica Bellucci,1,85.12868072
4090,Shirley MacLaine,1,84.93584966
9827,Rose Byrne,1,84.83879464
76512,Jason Clarke,2,84.65864809
87822,Damon Wayans Jr.,2,84.30202333
17401,Stephen Root,2,84.22282697
9777,Cuba Gooding Jr.,2,84.19405476
46593,Emile Hirsch,2,84.17580319
4,Carrie Fisher,1,84.16970829
7904,Billy Crystal,2,84.0803219
3196,Juliette Lewis,1,84.01150771
1341,Donnie Yen,2,84.00523448
3926,Albert Finney,0,83.88515742
11288,Robert Pattinson,2,83.72860254
9048,Clark Gregg,2,83.56739307
41292,Keri Russell,1,83.47013502
17419,Bryan Cranston,2,83.42438204
9824,Diane Kruger,1,83.13031334
108916,Rooney Mara,1,82.99269798
3380,Bette Davis,1,82.63554148
4587,Halle Berry,1,82.61542465
140,Lucy Liu,1,82.21312997
8252,William Holden,2,82.16195666
4784,Laura Dern,1,82.13913651
4517,Joe Pesci,2,82.003553
13726,Ned Beatty,2,81.98742715
5168,Gabriel Byrne,2,81.73884902
11160,Danny Trejo,2,81.56806635
4175,Jeffrey Tambor,2,81.56370091
9880,Sam Shepard,2,81.50552879
5344,Meg Ryan,1,81.2615934
11148,Joan Allen,1,81.11581654
17485,Oliver Platt,2,81.10930236
448,Hilary Swank,1,81.09694978
11357,Bruce Campbell,2,81.06380632
5563,James Coburn,2,81.00049507
516,Annette Bening,1,80.90806439
147,Michael Madsen,2,80.8356835
5419,Saïd Taghmaoui,0,80.78338915
17142,Paul Dano,2,80.74418255
1371,David Wenham,2,80.58812685
37625,Andrew Garfield,2,80.5397156
467645,Boyd Holbrook,2,80.53612201
1619,Chow Yun-fat,2,80.40136677
5724,Denis Leary,2,80.2972
133,Peter Sarsgaard,2,79.85007077
81685,Frank Grillo,2,79.71128112
6905,Bruce Dern,1,79.70432302
5401,Anthony Quinn,2,79.58171072
11155,Thomas Jane,2,79.5661309
13848,Charlie Chaplin,2,79.48106063
10823,Kris Kristofferson,2,79.40710104
5538,Ray Winstone,2,79.36663071
11705,Michelle Monaghan,1,79.29898057
21028,Anton Yelchin,2,79.24207827
1294,Missi Pyle,1,79.22130041
25072,Oscar Isaac,2,79.16303256
7502,Ernest Borgnine,2,78.89662373
236696,Terry Notary,0,78.79847065
1932,Audrey Hepburn,0,78.73635781
13550,Elias Koteas,2,78.67733916
8654,Matthew Modine,2,78.63119786
8944,Jamie Lee Curtis,1,78.50421935
8436,Miranda Richardson,1,78.46643703
586,Sean Young,1,78.43164389
10912,Eva Green,1,78.35450632
13565,Steve McQueen,2,78.26651351
21657,Vera Farmiga,1,78.21105623
1308445,Carrie Coon,1,78.14361193
44079,Charlotte Rampling,1,78.04444504
15033,Justin Long,2,77.98836594
13,Albert Brooks,2,77.9590048
33192,Joel Edgerton,2,77.6022168
12021,Mia Farrow,0,77.54109122
589162,Génesis Rodríguez,1,77.49381073
886,William Fichtner,2,77.46402194
17832,Carla Gugino,1,77.44358562
10430,Fred Ward,2,77.42922781
5587,Hank Azaria,2,77.38512096
3197,Tom Sizemore,2,77.29929928
2165,Rosanna Arquette,1,76.92063522
56731,Jessica Alba,1,76.90549236
4589,Benjamin Bratt,2,76.73992183
54812,Chevy Chase,2,76.50936486
18288,Terrence Howard,2,76.4934473
78452,Gina Carano,1,76.47944522
88995,Adrianne Palicki,1,76.44927917
3292,Nicholas Hoult,2,76.40994316
71070,Amanda Seyfried,1,76.22327814
1936,Martin Balsam,2,76.14396725
9278,Jennifer Garner,1,75.81608902
26485,Jim Belushi,2,75.56449028
59233,Scoot McNairy,2,75.54077365
12834,Barry Pepper,2,75.43345274
40481,Luis Guzmán,2,75.42105862
4139,Tom Skerritt,2,75.36822852
7505,Roddy McDowall,2,75.35053406
5149,Bonnie Hunt,1,75.31101258
527393,Dylan O'Brien,2,75.25111753
6355,Roy Scheider,2,75.21199115
6486,Dan Hedaya,2,75.16893779
4726,Marcia Gay Harden,1,75.1524959
33,Gary Sinise,2,75.07207016
16475,Burt Reynolds,2,74.87802029
10158,Robert Mitchum,2,74.87262071
1337,Tony Leung Chiu-Wai,2,74.80311294
3491,Thomas Kretschmann,2,74.57921865
1620,Michelle Yeoh,1,74.5649094
20766,Richard E. Grant,2,74.33293789
90496,Masako Nozawa,0,74.27134361
12073,Mike Myers,2,74.27116699
14888,Bruce McGill,2,74.21735317
40,Orson Welles,2,74.16652351
36422,Luke Wilson,2,74.15651002
21315,Eric Roberts,2,74.13311909
7907,John Ratzenberger,2,74.03992197
6573,William Sadler,2,74.0049568
29222,Zac Efron,2,73.97173296
587,Edward James Olmos,2,73.96776977
1772,Anna Faris,1,73.91811204
21165,Kim Dickens,1,73.91121502
6352,Jane Fonda,1,73.73731808
1340664,Ava Acres,1,73.73028209
1812,Michelle Williams,1,73.71676682
9780,Angela Bassett,1,73.6032102
25246,Andy Lau,2,73.59723378
326,Kim Basinger,1,73.5398926
18973,Mila Kunis,1,73.51423669
69122,Heather Graham,1,73.46467808
28641,Terence Stamp,2,73.42126911
8167,Paul Walker,2,73.34321944
99,Amanda Plummer,1,73.18101205
4029,Bob Gunton,2,73.10534292
8329,Radha Mitchell,1,72.91966013
12799,Jeremy Piven,2,72.75276698
10767,Barbara Hershey,1,72.65471272
11107,Ben Foster,2,72.63998123
4808,Giancarlo Esposito,2,72.5847207
8688,Diego Luna,2,72.39772354
37632,Eddie Redmayne,2,72.27254308
1462,Tim Blake Nelson,2,72.222908
58224,Jason Sudeikis,2,72.04234062
7026,Rhys Ifans,2,71.91322779
34982,Jeff Bennett,2,71.8316491
15277,Jon Favreau,2,71.71978918
258,Gael García Bernal,2,71.67631456
14343,Rene Russo,1,71.5966899
1922,Catherine Zeta-Jones,1,71.55459372
16866,Jennifer Lopez,1,71.48691652
78423,Omar Sy,2,71.46780097
38940,Evan Rachel Wood,1,71.43827522
12446,Peter Sellers,2,71.30972198
8924,Frank Langella,2,71.28822431
11664,Zooey Deschanel,1,71.11920666
1372,Karl Urban,2,71.08199406
27428,Aaron Taylor-Johnson,2,71.03678176
8767,Jim Caviezel,2,71.01219364
418,Robert Patrick,2,70.92790811
63,Milla Jovovich,1,70.91871707
1247,Matthew Goode,2,70.70800855
31531,John DiMaggio,0,70.67725067
14974,Barbara Stanwyck,1,70.61988819
57599,Seann William Scott,2,70.58868551
15250,Hope Davis,1,70.49942877
11663,Patrick Fugit,2,70.36997533
13472,Tim Curry,2,70.27099961
973,Jason Flemyng,2,70.24018454
2467,James Cosmo,2,70.22495884
7664,Joseph Cotten,2,70.16976157
14887,Paddy Considine,2,70.0566183
2880,Emilio Estevez,2,69.97607843
4430,Sharon Stone,1,69.88561125
449,Jay Baruchel,2,69.82311538
1237,Flea,2,69.7534067
1017347,Brenton Thwaites,2,69.69860924
58395,Karin Konoval,1,69.65491889
825,Stacy Keach,2,69.57435055
11514,Catherine O'Hara,0,69.55413348
10822,Stephen Dorff,2,69.42278629
56322,Amy Poehler,1,69.39315168
10872,Patton Oswalt,2,69.3707113
59231,Joel David Moore,2,69.32150739
51072,Kate Mara,1,69.30221721
21200,Will Arnett,2,69.29599967
27578,Ellen Page,1,69.20657761
1829985,Lilly Aspell,1,69.1532751
3460,Gene Wilder,2,69.07159203
4443,Christopher McDonald,2,69.03918117
23459,Sienna Miller,1,68.91796253
7180,John Candy,2,68.81460779
20904,James Hong,2,68.80478954
5694,Robert Forster,2,68.76002962
1265060,Dave Rosenbaum,0,68.73132617
187565,Audra McDonald,1,68.71999343
11367,Bradley Whitford,2,68.68090675
723,Patrick Swayze,2,68.59623997
1737,David Patrick Kelly,2,68.57584594
15556,Rebecca Hall,1,68.49568889
9994,Helen Hunt,1,68.47956694
478,Jamie Bell,2,68.43450096
3982,Xander Berkeley,2,68.34410832
72095,Lee Pace,2,68.28725614
655,John Rhys-Davies,2,68.10183927
11159,Cheech Marin,2,67.98332753
9560,Ellen Burstyn,1,67.95530812
17882,Isabelle Huppert,1,67.90148029
26510,Eugene Levy,2,67.89862426
19588,Miyu Irino,0,67.77084233
7166,Kevin Pollak,2,67.63424797
11111,Lucy Davis,1,67.63211242
56365,Charlie Hunnam,2,67.42684664
18023,Robert Carlyle,2,67.34567971
93210,Domhnall Gleeson,2,67.34234816
16896,James Garner,2,67.33599568
4068,Gary Cooper,2,67.32260317
532,Joe Pantoliano,2,67.30410593
138,Quentin Tarantino,2,67.26588833
7570,Lauren Bacall,1,67.20204161
9575,Jada Pinkett Smith,1,67.05494191
6280,Powers Boothe,2,66.9764538
8977,Craig T. Nelson,2,66.89679481
1748,William Shatner,2,66.85012939
3359,Laurence Olivier,2,66.79169092
10860,Jessica Biel,1,66.6796072
2641,Martin Landau,2,66.51906669
6832,Melissa Leo,1,66.50282888
11662,Jason Lee,2,66.40085454
4492,Philip Baker Hall,2,66.34991519
9029,Stephen Rea,2,66.34903198
33235,Logan Lerman,2,66.29114239
12041,Julia Stiles,1,66.23501313
34847,Emma Roberts,1,66.18379486
18792,Delroy Lindo,2,66.15412357
5823,Julie Andrews,1,66.14487208
4935,Pete Postlethwaite,2,66.1117405
4238,Common,0,66.079175
1246,Emily Mortimer,1,66.04858901
225730,Ryunosuke Kamiki,2,66.0217848
11864,Ryan Phillippe,2,65.97195705
18992,Aidan Quinn,2,65.92782975
94185,Shailene Woodley,1,65.92381166
11885,John C. McGinley,2,65.88316139
1222992,Eiza González,1,65.84434463
1981,Alfre Woodard,1,65.84305022
11512,John Heard,2,65.67463863
41088,Jason Segel,2,65.58217223
17402,Ron Livingston,2,65.49321593
4765,Jason Robards,2,65.46497527
30485,CCH Pounder,1,65.42214681
121323,Bess Flowers,1,65.37841978
77335,Ben Mendelsohn,2,65.30919307
5606,Sissy Spacek,1,65.22602549
11356,Imelda Staunton,1,65.22415638
6197,Brian Dennehy,2,65.13475446
6368,Embeth Davidtz,1,65.0840446
10696,Famke Janssen,1,64.96829149
15852,Ashley Judd,1,64.95766504
352,Dennis Haysbert,2,64.93240937
2076,David Warner,2,64.91384218
1904,Anthony Michael Hall,2,64.86971981
15757,Ray Romano,2,64.82306683
4431,Jessica Lange,1,64.61772219
13548,James Spader,2,64.55659231
7908,Frank Oz,2,64.54004978
2299,Josh Hartnett,2,64.51938208
52848,Isla Fisher,1,64.44932007
936,Oliver Reed,2,64.4260379
522,Rod Steiger,2,64.36282136
36594,Juno Temple,1,64.33571406
16644,Dolph Lundgren,2,64.2889715
5676,Marcello Mastroianni,2,64.28661709
2038,Naomie Harris,1,64.26306561
59620,Gemma Arterton,1,64.26047407
17064,Ben Whishaw,2,64.23974631
11187,Louis de Funès,2,64.19757241
3265,Eli Wallach,2,64.17925928
76793,Irrfan Khan,2,64.17853884
11856,Daniel Day-Lewis,2,64.13118265
1244,Jonathan Rhys Meyers,2,64.05103723
537,Stephen Tobolowsky,2,63.96198119
4252,Tony Shalhoub,2,63.91766135
9188,Billy Connolly,0,63.88034874
11661,Kate Hudson,1,63.82695788
21132,Abraham Benrubi,2,63.76583707
2518,Gregg Henry,2,63.74534701
4800,Gena Rowlands,1,63.57326467
12149,Richard Widmark,2,63.4108534
10222,Roger Moore,2,63.41048635
1590758,Emily Carey,1,63.39050218
20374,Teresa Palmer,1,63.38276786
1526863,Alex Dowding,0,63.34457027
2405,Audrey Tautou,1,63.31656059
3094,Talia Shire,1,63.29490934
14730,Angela Lansbury,1,63.23921592
192922,Paul Thornley,0,63.17020388
15762,Tara Strong,1,63.11616029
5251,Jack Warden,2,63.05237193
39995,Michael Cera,2,63.00581649
27319,Christoph Waltz,2,62.98116328
1466,Charles Durning,2,62.66035208
1133349,Elizabeth Debicki,1,62.65057012
18391,Lee Marvin,2,62.38103719
4687,Patricia Arquette,1,62.36929532
1666,Julie Christie,1,62.34788848
4691,James Gandolfini,2,62.32854859
15135,Alain Delon,2,62.28479476
3381,Glenn Ford,2,62.21834968
3899,Ken Watanabe,2,62.17105432
64856,Michael Jai White,2,62.15558529
3911,John Carroll Lynch,2,62.0405279
28010,David Ogden Stiers,2,61.93142009
1954,Billy Zane,2,61.90168977
1064,Crispin Glover,2,61.87178989
7453,Takashi Shimura,2,61.83788895
17140,Abigail Breslin,1,61.78407432
27811,Peter Weller,2,61.7341822
17628,Mary Elizabeth Winstead,1,61.72902563
12950,George Kennedy,2,61.67084533
883,Will Patton,2,61.65713554
36662,Carey Mulligan,1,61.62758904
1039,Peter Boyle,2,61.61622035
4521,Burt Young,2,61.52666716
677,Moritz Bleibtreu,2,61.5142205
862,George C. Scott,2,61.46200032
1004,Danny Aiello,2,61.4036363
17039,Nick Offerman,2,61.33956638
62410,Sammo Hung,2,61.22225217
82191,Sharlto Copley,2,61.21775624
55152,Campbell Scott,2,61.20797637
1146,Julie Delpy,1,61.14069853
6164,Josh Lucas,1,61.12017983
20664,Kouichi Yamadera,2,61.09320281
59315,Olivia Wilde,1,61.0342137
18082,Timothy Olyphant,2,60.979157
55470,Dominic Cooper,2,60.9276256
30181,Fred Astaire,2,60.92502748
477,Julie Walters,1,60.78205212
16431,Sam Elliott,2,60.74308572
39658,Sally Hawkins,1,60.73770982
52404,Mae Whitman,1,60.73660142
5341,Richard Burton,2,60.61465972
20982,Marton Csokas,2,60.60792866
8258,Ben Johnson,2,60.57129447
51797,Nathan Fillion,2,60.48492015
73931,Bette Midler,0,60.47562248
591,Brion James,2,60.41805121
13275,Tadanobu Asano,2,60.40974921
17606,Imogen Poots,1,60.39128808
1951,Elisabeth Shue,1,60.33820771
1018,Nikolaj Lie Kaas,2,60.22348231
11184,Warwick Davis,2,60.19029375
2144,Tobin Bell,2,60.15244385
12519,Virginia Madsen,1,60.145724
10692,Michael Pitt,2,60.08993232
6194,Claire Danes,1,60.07264841
34,Mykelti Williamson,2,59.96759354
60073,Brie Larson,1,59.85283364
11066,Hal Holbrook,2,59.83601958
17286,Lena Headey,1,59.78849714
400,Geraldine Chaplin,1,59.76257153
61981,Michael Clarke Duncan,2,59.70196039
15853,Wes Studi,2,59.6154609
3361,George Sanders,2,59.57070132
15440,Jared Harris,2,59.5643572
10774,Anne Bancroft,1,59.5430159
60279,Fred Tatasciore,2,59.52593615
113505,Kodi Smit-McPhee,2,59.5006882
11857,John Gielgud,2,59.47708355
14501,Peter Ustinov,2,59.37194362
1164,F. Murray Abraham,2,59.3712745
18841,Bud Spencer,2,59.32157124
2922,Boris Karloff,0,59.24797602
212,David Cross,2,59.2424686
3088,Sterling Hayden,2,59.22045058
8170,Eva Mendes,1,59.13057929
937,Derek Jacobi,2,59.12667716
8536,Victor Garber,2,59.11524532
35705,Regina Hall,1,59.10173596
2956,Amanda Peet,1,58.99073363
8023,Kyle Balda,0,58.95021465
3127,Lili Taylor,1,58.9350591
1635143,CJ Jones,0,58.93288987
54697,Dave Franco,2,58.92547355
5151,Beth Grant,1,58.88383945
2712,Michael Biehn,2,58.83556613
42711,Ty Olsson,2,58.78916514
21731,Michael McKean,2,58.62945157
4757,Rupert Everett,2,58.61544484
1902,Dianne Wiest,1,58.51760117
4688,Michael Rapaport,2,58.45010103
8635,Buster Keaton,2,58.42366862
4111,Ingrid Bergman,1,58.41814117
29369,Melanie Griffith,1,58.27630242
68763,Dean Winters,2,58.24364887
77795,Katherine Waterston,1,58.24211273
16935,Geena Davis,1,58.2396781
37153,Zoë Kravitz,1,58.2393623
16861,John Hawkes,2,58.10778635
74358,Kelly Sheridan,1,58.04486546
72873,Michael Stuhlbarg,2,58.0345593
4818,Roberto Benigni,2,58.02808454
1811,Randy Quaid,2,57.97577981
9599,Cloris Leachman,1,57.92951195
18976,Ashton Kutcher,2,57.91085034
77996,Asa Butterfield,2,57.88768372
122750,Leslie Uggams,1,57.79605242
62862,Danny McBride,2,57.75830424
25663,Thomas Brodie-Sangster,2,57.72037352
3266,Joe Mantegna,2,57.68081934
13566,Edward G. Robinson,2,57.47326547
28847,Rafe Spall,2,57.47028717
17287,Dominic West,2,57.44483664
6913,Ellen Barkin,1,57.39116513
2879,Rob Lowe,2,57.31822536
16855,Mandy Moore,1,57.31410971
7248,Cliff Curtis,2,57.25392766
12647,Armin Mueller-Stahl,2,57.24413344
1115,Stephen Graham,2,57.21482746
7489,Parker Posey,1,57.12740255
7906,Jennifer Tilly,1,57.106808
9656,Johnny Knoxville,2,57.07767553
2206,Samantha Morton,1,57.03134443
1646,Udo Kier,2,57.01553217
3897,Katie Holmes,1,56.96727695
9857,Karl Malden,2,56.89793504
9015,Kelly Macdonald,1,56.88276261
7404,Sarah Silverman,1,56.8319665
20189,Amy Smart,1,56.82178277
141,David Carradine,2,56.8128824
3064,Peter Mullan,2,56.79348008
71189,Cobie Smulders,1,56.77058994
15112,Tom Selleck,2,56.73241032
2233,Bridget Fonda,1,56.66273904
76070,Mia Wasikowska,1,56.62524099
9626,Rip Torn,2,56.56000288
6,Anthony Daniels,2,56.40738048
10690,Anna Paquin,1,56.28393347
19119,Mélanie Laurent,1,56.24978355
139900,Florence Kasumba,1,56.24839794
1310711,Lisa Loven Kongsli,1,56.19315944
6598,Katharine Hepburn,1,56.17103867
19536,Josh Duhamel,2,56.06369068
1844,Til Schweiger,2,56.0543998
11109,Nick Frost,2,56.00587158
21134,John Slattery,2,55.93015679
3317,Takeshi Kitano,2,55.92100465
40036,Taraji P. Henson,1,55.91937309
18997,Bryce Dallas Howard,1,55.79210354
34947,Kevin Conroy,2,55.70393874
122889,Dane DeHaan,2,55.6687119
11086,Michael Ironside,2,55.65831421
1281,Freddie Highmore,2,55.64132222
3829,Jean-Paul Belmondo,2,55.5301033
17697,John Krasinski,2,55.43171957
60950,David Spade,2,55.41631191
4786,Richard Attenborough,2,55.35010908
6012,Daniel Auteuil,2,55.27699797
8516,John Carradine,2,55.26457149
14061,Jacqueline Bisset,1,55.22161295
1653,Jean-Pierre Léaud,2,55.20239027
1023139,Adam Driver,2,55.07529139
8210,Wes Bentley,2,55.041604
4251,John Mahoney,2,54.84477716
15498,Liam Cunningham,2,54.80308225
35040,Paul Williams,2,54.75703353
17328,Rufus Sewell,2,54.66703083
11805,Frank Whaley,2,54.64200701
108253,Katie Lowes,1,54.49530045
7301,Anthony Perkins,2,54.48627865
11703,Kerry Washington,1,54.4831812
51663,Sean Gunn,2,54.46811862
17881,Jason Schwartzman,2,54.40423049
10983,Richard Griffiths,2,54.36016661
18892,Goldie Hawn,1,54.33501687
139820,Pom Klementieff,1,54.20882778
65524,Ioan Gruffudd,2,54.13864159
21127,Bobby Cannavale,2,54.11854087
1907,Kathy Baker,1,54.0778026
12438,Bob Balaban,2,54.07058992
227454,Alicia Vikander,1,54.03611214
12147,Spencer Tracy,2,53.97354361
70131,Tatsuya Nakadai,2,53.96929606
19159,Thomas Haden Church,2,53.96781
3391,Kathleen Turner,1,53.95012563
7633,Leslie Nielsen,2,53.93537553
7497,Holt McCallany,2,53.90388551
18352,Patrick Dempsey,2,53.89561025
26457,Matthew Lillard,2,53.7897149
3635,Elizabeth Taylor,1,53.75101923
22970,Peter Dinklage,2,53.73437738
9462,Randall Duk Kim,2,53.72749136
6217,Anupam Kher,2,53.70949943
12763,Joseph Fiennes,2,53.6976749
4515,Treat Williams,2,53.6885691
1937,Mickey Rooney,0,53.6822886
35013,David Oyelowo,2,53.66108277
6692,Caroline Goodall,1,53.58383599
7090,Kelsey Grammer,2,53.55233571
10964,Laz Alonso,2,53.54787164
1284,Noah Taylor,2,53.47219569
36801,Adam Scott,2,53.44916353
2048,Gary Busey,2,53.44900284
8986,James Rebhorn,2,53.42857292
62861,Andy Samberg,2,53.42694808
18473,James Badge Dale,2,53.41637574
519,Martin Short,2,53.39954837
24362,Kevin Michael Richardson,2,53.35374989
36592,Saoirse Ronan,1,53.27043241
98,Sarah Polley,1,53.24655927
7470,Meat Loaf,2,53.22890344
1310760,Ki Hong Lee,2,53.22239475
14261,David Niven,2,53.1749388
11616,Olivia Williams,1,53.10171598
17696,Kathryn Hahn,1,53.06567896
2203,Neal McDonough,2,53.05651482
8655,R. Lee Ermey,2,53.04215667
56103,Hattie Morahan,1,52.98807751
19152,Dylan Baker,2,52.91094756
9976,Henry Thomas,0,52.84277434
1533,Andie MacDowell,1,52.82229198
8169,Tyrese Gibson,2,52.80792011
68842,John Cho,2,52.69684134
35028,Zoe Kazan,1,52.48969557
55536,Melissa McCarthy,1,52.47897161
53807,Armie Hammer,2,52.47385592
15032,Jed Rees,2,52.39887686
5726,Cedric the Entertainer,2,52.24882507
1957,Sophie Marceau,1,52.24137037
22131,J.T. Walsh,2,52.22601717
52763,Aamir Khan,2,52.11814785
9640,Haley Joel Osment,2,52.05287212
8212,Peter Gallagher,2,52.0308482
16897,Sidney Poitier,2,51.9618029
2565,Yves Montand,2,51.92841477
1492326,Brianna Hildebrand,1,51.92705639
7632,Shelley Winters,1,51.85179841
5248,Lee J. Cobb,2,51.79744185
28846,Alexander Skarsgård,2,51.74655943
3977,Joe Morton,2,51.67717452
6730,Sacha Baron Cohen,2,51.67374612
83586,Ken Jeong,2,51.66441684
1584544,Philip Ettington,2,51.66124643
6844,Dom DeLuise,2,51.59596749
32895,Kevin James,2,51.57701979
19153,Cliff Robertson,0,51.53447243
5365,Clifton Collins Jr,2,51.51542981
1063,Lea Thompson,1,51.47539672
15091,Melanie Lynskey,1,51.45652285
15412,David Clennon,2,51.43386319